Name,Email,Age,City,Purchase_Amount
User0000,user0000@example.com,22,Los Angeles,146.72
User0001,user0001@example.com,20,New York,97.00
User0002,user0002@example.com,48,Phoenix,63.80
User0003,user0003@example.com,51,Philadelphia,144.34
User0004,user0004@example.com,62,Houston,366.72
User0005,user0005@example.com,22,Chicago,389.00
User0006,user0006@example.com,44,Houston,375.83
User0007,user0007@example.com,24,Los Angeles,267.62
User0008,user0008@example.com,75,Philadelphia,126.21
User0009,user0009@example.com,23,New York,400.18
User0010,user0010@example.com,51,Chicago,261.63
User0011,user0011@example.com,54,Houston,138.31
User0012,user0012@example.com,73,Philadelphia,359.09
User0013,user0013@example.com,58,Los Angeles,319.22
User0014,user0014@example.com,55,Phoenix,186.18
User0015,user0015@example.com,30,Los Angeles,115.52
User0016,user0016@example.com,69,Los Angeles,102.61
User0017,user0017@example.com,66,Los Angeles,432.20
User0018,user0018@example.com,44,New York,342.21
User0019,user0019@example.com,41,Phoenix,307.16
User0020,user0020@example.com,50,Houston,45.77
User0021,user0021@example.com,57,Los Angeles,407.13
User0022,user0022@example.com,74,Los Angeles,368.49
User0023,user0023@example.com,60,Los Angeles,168.25
User0024,user0024@example.com,64,New York,338.00
User0025,user0025@example.com,27,Los Angeles,35.39
User0026,user0026@example.com,39,Chicago,337.04
User0027,user0027@example.com,53,Los Angeles,142.39
User0028,user0028@example.com,33,Houston,329.89
User0029,user0029@example.com,53,Chicago,305.73
User0030,user0030@example.com,58,Philadelphia,228.44
User0031,user0031@example.com,55,Philadelphia,49.42
User0032,user0032@example.com,45,New York,46.81
User0033,user0033@example.com,75,Phoenix,327.62
User0034,user0034@example.com,33,Philadelphia,346.26
User0035,user0035@example.com,66,Chicago,23.27
User0036,user0036@example.com,26,Chicago,190.22
User0037,user0037@example.com,53,New York,280.05
User0038,user0038@example.com,59,Philadelphia,210.64
User0039,user0039@example.com,50,Philadelphia,177.55
User0040,user0040@example.com,63,New York,227.72
User0041,user0041@example.com,31,Philadelphia,377.91
User0042,user0042@example.com,43,Chicago,40.19
User0043,user0043@example.com,54,Los Angeles,125.34
User0044,user0044@example.com,60,Los Angeles,427.95
User0045,user0045@example.com,61,New York,365.83
User0046,user0046@example.com,35,Philadelphia,65.81
User0047,user0047@example.com,19,Los Angeles,183.67
User0048,user0048@example.com,49,New York,213.61
User0049,user0049@example.com,25,Phoenix,145.39
User0050,user0050@example.com,28,New York,279.04
User0051,user0051@example.com,55,Phoenix,328.18
User0052,user0052@example.com,26,Phoenix,317.45
User0053,user0053@example.com,29,New York,48.75
User0054,user0054@example.com,63,Phoenix,388.50
User0055,user0055@example.com,60,Chicago,493.62
User0056,user0056@example.com,41,Philadelphia,232.04
User0057,user0057@example.com,56,Houston,44.88
User0058,user0058@example.com,75,Chicago,10.82
User0059,user0059@example.com,51,Chicago,376.30
User0060,user0060@example.com,21,Chicago,194.55
User0061,user0061@example.com,33,Chicago,186.57
User0062,user0062@example.com,36,Chicago,156.01
User0063,user0063@example.com,75,Philadelphia,444.04
User0064,user0064@example.com,18,Philadelphia,174.64
User0065,user0065@example.com,31,Los Angeles,389.56
User0066,user0066@example.com,36,Phoenix,160.85
User0067,user0067@example.com,61,Los Angeles,306.61
User0068,user0068@example.com,27,Houston,238.99
User0069,user0069@example.com,26,Philadelphia,386.55
User0070,user0070@example.com,74,New York,495.26
User0071,user0071@example.com,25,Houston,298.57
User0072,user0072@example.com,52,Chicago,86.55
User0073,user0073@example.com,42,Los Angeles,84.77
User0074,user0074@example.com,58,Los Angeles,310.83
User0075,user0075@example.com,45,Phoenix,12.99
User0076,user0076@example.com,43,Phoenix,376.58
User0077,user0077@example.com,45,Philadelphia,134.23
User0078,user0078@example.com,32,Phoenix,338.79
User0079,user0079@example.com,71,New York,30.12
User0080,user0080@example.com,25,Phoenix,17.42
User0081,user0081@example.com,71,Los Angeles,274.15
User0082,user0082@example.com,37,Phoenix,372.90
User0083,user0083@example.com,71,Chicago,40.29
User0084,user0084@example.com,24,Philadelphia,10.30
User0085,user0085@example.com,72,Phoenix,203.40
User0086,user0086@example.com,40,Los Angeles,48.77
User0087,user0087@example.com,34,New York,439.25
User0088,user0088@example.com,73,Chicago,480.80
User0089,user0089@example.com,20,Houston,407.20
User0090,user0090@example.com,27,Phoenix,209.56
User0091,user0091@example.com,27,New York,153.31
User0092,user0092@example.com,31,Phoenix,401.05
User0093,user0093@example.com,34,Houston,374.99
User0094,user0094@example.com,31,New York,327.03
User0095,user0095@example.com,31,Chicago,481.34
User0096,user0096@example.com,18,Phoenix,103.70
User0097,user0097@example.com,34,Philadelphia,59.86
User0098,user0098@example.com,32,Phoenix,60.78
User0099,user0099@example.com,36,Houston,251.74
User0100,user0100@example.com,30,New York,490.69
User0101,user0101@example.com,61,Chicago,445.58
User0102,user0102@example.com,52,Los Angeles,416.67
User0103,user0103@example.com,66,New York,347.99
User0104,user0104@example.com,57,Houston,367.51
User0105,user0105@example.com,75,Chicago,498.14
User0106,user0106@example.com,19,Los Angeles,192.34
User0107,user0107@example.com,37,Los Angeles,307.55
User0108,user0108@example.com,46,Los Angeles,362.23
User0109,user0109@example.com,58,New York,200.67
User0110,user0110@example.com,39,New York,152.16
User0111,user0111@example.com,45,Phoenix,362.34
User0112,user0112@example.com,56,Philadelphia,19.73
User0113,user0113@example.com,75,New York,398.31
User0114,user0114@example.com,24,Chicago,371.40
User0115,user0115@example.com,35,New York,41.31
User0116,user0116@example.com,47,Los Angeles,71.70
User0117,user0117@example.com,74,Philadelphia,394.34
User0118,user0118@example.com,64,New York,60.40
User0119,user0119@example.com,18,Houston,209.92
User0120,user0120@example.com,60,Chicago,274.70
User0121,user0121@example.com,38,Philadelphia,11.41
User0122,user0122@example.com,18,Chicago,224.29
User0123,user0123@example.com,23,New York,306.75
User0124,user0124@example.com,60,New York,308.94
User0125,user0125@example.com,35,Houston,24.64
User0126,user0126@example.com,59,Chicago,309.52
User0127,user0127@example.com,67,Chicago,25.92
User0128,user0128@example.com,45,New York,137.27
User0129,user0129@example.com,64,Houston,91.14
User0130,user0130@example.com,60,Phoenix,474.50
User0131,user0131@example.com,68,Los Angeles,286.61
User0132,user0132@example.com,24,New York,213.59
User0133,user0133@example.com,51,Philadelphia,294.84
User0134,user0134@example.com,67,Chicago,395.34
User0135,user0135@example.com,49,Chicago,141.24
User0136,user0136@example.com,34,Los Angeles,299.33
User0137,user0137@example.com,33,Los Angeles,25.54
User0138,user0138@example.com,25,Phoenix,210.11
User0139,user0139@example.com,41,Philadelphia,272.70
User0140,user0140@example.com,36,Philadelphia,359.57
User0141,user0141@example.com,43,Chicago,229.09
User0142,user0142@example.com,26,New York,208.66
User0143,user0143@example.com,21,Chicago,407.58
User0144,user0144@example.com,66,Chicago,125.49
User0145,user0145@example.com,51,New York,422.25
User0146,user0146@example.com,70,Chicago,237.27
User0147,user0147@example.com,32,Philadelphia,28.35
User0148,user0148@example.com,54,Los Angeles,404.64
User0149,user0149@example.com,31,Chicago,420.76
User0150,user0150@example.com,53,Philadelphia,411.34
User0151,user0151@example.com,58,New York,39.02
User0152,user0152@example.com,40,Los Angeles,363.89
User0153,user0153@example.com,22,Philadelphia,125.67
User0154,user0154@example.com,53,New York,265.83
User0155,user0155@example.com,62,Philadelphia,163.60
User0156,user0156@example.com,20,Los Angeles,320.47
User0157,user0157@example.com,28,Chicago,465.32
User0158,user0158@example.com,27,Phoenix,61.32
User0159,user0159@example.com,57,Phoenix,494.11
User0160,user0160@example.com,43,Chicago,68.30
User0161,user0161@example.com,51,Los Angeles,341.23
User0162,user0162@example.com,25,Houston,194.42
User0163,user0163@example.com,38,New York,486.77
User0164,user0164@example.com,19,Chicago,256.73
User0165,user0165@example.com,52,Phoenix,241.11
User0166,user0166@example.com,27,Phoenix,268.97
User0167,user0167@example.com,73,Phoenix,176.32
User0168,user0168@example.com,24,Phoenix,12.01
User0169,user0169@example.com,46,New York,222.51
User0170,user0170@example.com,71,Philadelphia,400.59
User0171,user0171@example.com,40,Phoenix,293.08
User0172,user0172@example.com,39,Philadelphia,354.64
User0173,user0173@example.com,27,Phoenix,51.68
User0174,user0174@example.com,64,New York,414.21
User0175,user0175@example.com,32,Phoenix,381.73
User0176,user0176@example.com,19,Chicago,89.50
User0177,user0177@example.com,55,Phoenix,97.96
User0178,user0178@example.com,51,Philadelphia,49.04
User0179,user0179@example.com,23,New York,98.67
User0180,user0180@example.com,57,Houston,151.46
User0181,user0181@example.com,39,New York,193.98
User0182,user0182@example.com,38,Phoenix,267.21
User0183,user0183@example.com,21,Los Angeles,328.81
User0184,user0184@example.com,52,Chicago,495.67
User0185,user0185@example.com,47,Houston,20.31
User0186,user0186@example.com,48,New York,159.79
User0187,user0187@example.com,62,Houston,373.18
User0188,user0188@example.com,64,Philadelphia,444.04
User0189,user0189@example.com,33,Los Angeles,29.67
User0190,user0190@example.com,70,Philadelphia,66.75
User0191,user0191@example.com,49,Los Angeles,344.76
User0192,user0192@example.com,63,Houston,53.82
User0193,user0193@example.com,60,Houston,376.27
User0194,user0194@example.com,53,Chicago,56.21
User0195,user0195@example.com,18,Philadelphia,374.88
User0196,user0196@example.com,59,New York,141.86
User0197,user0197@example.com,70,Houston,484.74
User0198,user0198@example.com,42,Phoenix,396.03
User0199,user0199@example.com,50,Los Angeles,224.92
User0200,user0200@example.com,35,Houston,481.52
User0201,user0201@example.com,51,Philadelphia,240.99
User0202,user0202@example.com,64,Phoenix,430.84
User0203,user0203@example.com,28,Phoenix,476.93
User0204,user0204@example.com,61,Houston,390.53
User0205,user0205@example.com,27,Phoenix,492.48
User0206,user0206@example.com,39,New York,63.06
User0207,user0207@example.com,61,Philadelphia,302.65
User0208,user0208@example.com,51,Chicago,153.44
User0209,user0209@example.com,27,Phoenix,238.05
User0210,user0210@example.com,24,New York,78.29
User0211,user0211@example.com,34,Philadelphia,306.13
User0212,user0212@example.com,75,Philadelphia,132.32
User0213,user0213@example.com,71,New York,108.72
User0214,user0214@example.com,18,Philadelphia,225.77
User0215,user0215@example.com,25,Los Angeles,97.15
User0216,user0216@example.com,38,Chicago,388.95
User0217,user0217@example.com,39,Los Angeles,353.37
User0218,user0218@example.com,21,Los Angeles,168.98
User0219,user0219@example.com,52,Los Angeles,164.30
User0220,user0220@example.com,25,Los Angeles,417.43
User0221,user0221@example.com,39,Phoenix,234.12
User0222,user0222@example.com,73,Philadelphia,355.21
User0223,user0223@example.com,55,Los Angeles,340.37
User0224,user0224@example.com,75,Los Angeles,102.53
User0225,user0225@example.com,53,Chicago,174.55
User0226,user0226@example.com,55,Los Angeles,205.80
User0227,user0227@example.com,52,Phoenix,54.06
User0228,user0228@example.com,45,Chicago,48.80
User0229,user0229@example.com,62,Phoenix,444.14
User0230,user0230@example.com,30,Philadelphia,397.08
User0231,user0231@example.com,56,Los Angeles,424.97
User0232,user0232@example.com,50,Phoenix,223.13
User0233,user0233@example.com,60,Phoenix,110.15
User0234,user0234@example.com,62,Houston,370.00
User0235,user0235@example.com,25,New York,71.17
User0236,user0236@example.com,71,Phoenix,180.96
User0237,user0237@example.com,30,Chicago,117.28
User0238,user0238@example.com,48,Houston,290.31
User0239,user0239@example.com,75,New York,222.66
User0240,user0240@example.com,31,Houston,34.16
User0241,user0241@example.com,51,New York,101.01
User0242,user0242@example.com,74,Phoenix,248.13
User0243,user0243@example.com,66,Chicago,455.59
User0244,user0244@example.com,32,Philadelphia,197.24
User0245,user0245@example.com,61,Phoenix,290.02
User0246,user0246@example.com,36,Los Angeles,73.79
User0247,user0247@example.com,40,New York,315.42
User0248,user0248@example.com,38,Phoenix,489.33
User0249,user0249@example.com,44,Houston,341.41
User0250,user0250@example.com,48,Chicago,78.67
User0251,user0251@example.com,50,Philadelphia,479.89
User0252,user0252@example.com,70,New York,196.78
User0253,user0253@example.com,46,Phoenix,180.78
User0254,user0254@example.com,48,New York,382.69
User0255,user0255@example.com,73,Philadelphia,492.20
User0256,user0256@example.com,27,Philadelphia,379.11
User0257,user0257@example.com,64,Houston,475.29
User0258,user0258@example.com,68,New York,115.45
User0259,user0259@example.com,23,Los Angeles,73.13
User0260,user0260@example.com,18,Los Angeles,119.05
User0261,user0261@example.com,52,Philadelphia,336.22
User0262,user0262@example.com,22,Los Angeles,278.49
User0263,user0263@example.com,39,New York,87.39
User0264,user0264@example.com,65,New York,30.11
User0265,user0265@example.com,69,Chicago,360.84
User0266,user0266@example.com,21,Los Angeles,386.44
User0267,user0267@example.com,48,Houston,196.66
User0268,user0268@example.com,35,Philadelphia,51.32
User0269,user0269@example.com,35,Houston,276.06
User0270,user0270@example.com,51,Philadelphia,162.06
User0271,user0271@example.com,58,Philadelphia,33.80
User0272,user0272@example.com,49,Los Angeles,216.61
User0273,user0273@example.com,32,Philadelphia,105.36
User0274,user0274@example.com,56,Philadelphia,189.41
User0275,user0275@example.com,63,Los Angeles,153.20
User0276,user0276@example.com,29,Phoenix,246.94
User0277,user0277@example.com,67,Los Angeles,387.88
User0278,user0278@example.com,27,Chicago,63.74
User0279,user0279@example.com,26,Philadelphia,109.68
User0280,user0280@example.com,52,Philadelphia,397.23
User0281,user0281@example.com,38,Houston,48.99
User0282,user0282@example.com,51,Philadelphia,247.57
User0283,user0283@example.com,38,Houston,307.35
User0284,user0284@example.com,40,Houston,450.98
User0285,user0285@example.com,48,Phoenix,14.13
User0286,user0286@example.com,29,Los Angeles,419.60
User0287,user0287@example.com,43,Phoenix,263.02
User0288,user0288@example.com,68,Houston,168.11
User0289,user0289@example.com,57,Chicago,12.38
User0290,user0290@example.com,44,New York,258.00
User0291,user0291@example.com,46,Philadelphia,169.37
User0292,user0292@example.com,23,Phoenix,371.68
User0293,user0293@example.com,68,Los Angeles,431.10
User0294,user0294@example.com,31,Chicago,409.16
User0295,user0295@example.com,22,Philadelphia,163.40
User0296,user0296@example.com,44,Houston,452.59
User0297,user0297@example.com,52,New York,183.40
User0298,user0298@example.com,55,New York,10.60
User0299,user0299@example.com,32,Phoenix,239.58
User0300,user0300@example.com,18,Chicago,126.89
User0301,user0301@example.com,58,Phoenix,176.24
User0302,user0302@example.com,62,New York,380.15
User0303,user0303@example.com,53,Phoenix,342.72
User0304,user0304@example.com,66,Phoenix,263.59
User0305,user0305@example.com,23,Los Angeles,204.41
User0306,user0306@example.com,28,Los Angeles,95.82
User0307,user0307@example.com,35,Phoenix,205.65
User0308,user0308@example.com,26,New York,488.21
User0309,user0309@example.com,58,Los Angeles,386.99
User0310,user0310@example.com,21,New York,127.33
User0311,user0311@example.com,64,Phoenix,102.06
User0312,user0312@example.com,72,Chicago,183.86
User0313,user0313@example.com,36,Philadelphia,63.35
User0314,user0314@example.com,61,Chicago,414.98
User0315,user0315@example.com,73,New York,111.36
User0316,user0316@example.com,45,Chicago,93.30
User0317,user0317@example.com,69,Los Angeles,75.32
User0318,user0318@example.com,49,New York,381.52
User0319,user0319@example.com,64,Phoenix,24.90
User0320,user0320@example.com,55,Chicago,447.69
User0321,user0321@example.com,51,Houston,465.11
User0322,user0322@example.com,43,Phoenix,10.94
User0323,user0323@example.com,59,Los Angeles,461.57
User0324,user0324@example.com,59,Houston,405.99
User0325,user0325@example.com,66,New York,79.97
User0326,user0326@example.com,68,Los Angeles,124.11
User0327,user0327@example.com,74,Chicago,164.68
User0328,user0328@example.com,48,Los Angeles,296.04
User0329,user0329@example.com,43,Philadelphia,402.10
User0330,user0330@example.com,48,Houston,257.03
User0331,user0331@example.com,56,Phoenix,75.94
User0332,user0332@example.com,52,Chicago,139.18
User0333,user0333@example.com,48,Philadelphia,352.18
User0334,user0334@example.com,72,Phoenix,328.52
User0335,user0335@example.com,19,Los Angeles,90.05
User0336,user0336@example.com,58,New York,138.93
User0337,user0337@example.com,34,Phoenix,34.14
User0338,user0338@example.com,64,Houston,490.19
User0339,user0339@example.com,67,Philadelphia,147.97
User0340,user0340@example.com,20,Phoenix,169.90
User0341,user0341@example.com,51,Chicago,411.10
User0342,user0342@example.com,30,Los Angeles,492.98
User0343,user0343@example.com,52,Philadelphia,408.32
User0344,user0344@example.com,58,Chicago,65.31
User0345,user0345@example.com,56,Phoenix,481.39
User0346,user0346@example.com,65,Philadelphia,232.53
User0347,user0347@example.com,64,Houston,90.77
User0348,user0348@example.com,28,Philadelphia,251.50
User0349,user0349@example.com,29,Houston,145.02
User0350,user0350@example.com,44,Chicago,98.70
User0351,user0351@example.com,66,Houston,391.59
User0352,user0352@example.com,33,Philadelphia,181.86
User0353,user0353@example.com,58,Chicago,286.18
User0354,user0354@example.com,68,Houston,180.86
User0355,user0355@example.com,31,Houston,299.74
User0356,user0356@example.com,67,Chicago,70.71
User0357,user0357@example.com,29,New York,495.36
User0358,user0358@example.com,33,Houston,318.20
User0359,user0359@example.com,52,Phoenix,324.56
User0360,user0360@example.com,66,Los Angeles,82.43
User0361,user0361@example.com,39,New York,297.57
User0362,user0362@example.com,48,Houston,142.48
User0363,user0363@example.com,43,New York,68.38
User0364,user0364@example.com,44,New York,343.06
User0365,user0365@example.com,70,Phoenix,432.31
User0366,user0366@example.com,50,Chicago,29.54
User0367,user0367@example.com,61,Los Angeles,286.95
User0368,user0368@example.com,18,Phoenix,108.75
User0369,user0369@example.com,51,Phoenix,117.34
User0370,user0370@example.com,53,New York,229.43
User0371,user0371@example.com,61,Los Angeles,98.86
User0372,user0372@example.com,28,Houston,234.24
User0373,user0373@example.com,27,Philadelphia,105.11
User0374,user0374@example.com,24,Philadelphia,338.51
User0375,user0375@example.com,20,New York,212.31
User0376,user0376@example.com,74,Chicago,474.15
User0377,user0377@example.com,25,Phoenix,64.08
User0378,user0378@example.com,54,Philadelphia,24.67
User0379,user0379@example.com,59,Phoenix,342.34
User0380,user0380@example.com,44,Houston,16.15
User0381,user0381@example.com,71,New York,479.45
User0382,user0382@example.com,57,New York,278.49
User0383,user0383@example.com,55,Los Angeles,122.44
User0384,user0384@example.com,21,Houston,185.10
User0385,user0385@example.com,67,Philadelphia,323.64
User0386,user0386@example.com,65,Chicago,153.15
User0387,user0387@example.com,66,Los Angeles,66.36
User0388,user0388@example.com,52,Los Angeles,269.81
User0389,user0389@example.com,24,Phoenix,291.30
User0390,user0390@example.com,72,Phoenix,214.55
User0391,user0391@example.com,71,Chicago,309.10
User0392,user0392@example.com,75,Philadelphia,454.14
User0393,user0393@example.com,50,Philadelphia,300.10
User0394,user0394@example.com,68,New York,198.22
User0395,user0395@example.com,51,New York,446.82
User0396,user0396@example.com,26,Los Angeles,353.72
User0397,user0397@example.com,52,Philadelphia,210.68
User0398,user0398@example.com,58,Houston,84.04
User0399,user0399@example.com,68,Chicago,461.48
User0400,user0400@example.com,50,Chicago,223.39
User0401,user0401@example.com,53,Chicago,466.19
User0402,user0402@example.com,39,Chicago,227.87
User0403,user0403@example.com,60,Chicago,428.65
User0404,user0404@example.com,43,Philadelphia,67.99
User0405,user0405@example.com,55,Los Angeles,61.92
User0406,user0406@example.com,28,Los Angeles,286.86
User0407,user0407@example.com,61,New York,209.81
User0408,user0408@example.com,19,Philadelphia,256.54
User0409,user0409@example.com,61,Houston,292.12
User0410,user0410@example.com,25,Philadelphia,281.87
User0411,user0411@example.com,32,Philadelphia,155.93
User0412,user0412@example.com,23,Houston,158.36
User0413,user0413@example.com,29,Los Angeles,204.79
User0414,user0414@example.com,67,Philadelphia,407.08
User0415,user0415@example.com,45,Phoenix,29.99
User0416,user0416@example.com,27,Phoenix,469.59
User0417,user0417@example.com,28,Phoenix,318.28
User0418,user0418@example.com,72,Houston,200.04
User0419,user0419@example.com,67,New York,19.95
User0420,user0420@example.com,63,Chicago,32.99
User0421,user0421@example.com,62,Houston,389.11
User0422,user0422@example.com,20,Phoenix,226.20
User0423,user0423@example.com,40,Phoenix,321.63
User0424,user0424@example.com,67,Chicago,348.29
User0425,user0425@example.com,57,Philadelphia,345.73
User0426,user0426@example.com,21,Phoenix,57.88
User0427,user0427@example.com,67,Los Angeles,229.12
User0428,user0428@example.com,63,Chicago,231.82
User0429,user0429@example.com,26,Houston,302.81
User0430,user0430@example.com,71,Philadelphia,405.13
User0431,user0431@example.com,51,Houston,334.19
User0432,user0432@example.com,22,Phoenix,25.85
User0433,user0433@example.com,45,Los Angeles,140.78
User0434,user0434@example.com,55,Los Angeles,21.57
User0435,user0435@example.com,18,Chicago,396.35
User0436,user0436@example.com,29,Houston,26.24
User0437,user0437@example.com,66,Philadelphia,161.70
User0438,user0438@example.com,43,Chicago,455.17
User0439,user0439@example.com,73,Phoenix,176.91
User0440,user0440@example.com,24,Philadelphia,141.22
User0441,user0441@example.com,27,Phoenix,15.15
User0442,user0442@example.com,46,Chicago,77.05
User0443,user0443@example.com,75,Chicago,180.95
User0444,user0444@example.com,62,Los Angeles,198.14
User0445,user0445@example.com,20,Los Angeles,452.80
User0446,user0446@example.com,57,Chicago,460.85
User0447,user0447@example.com,27,New York,467.03
User0448,user0448@example.com,33,New York,193.36
User0449,user0449@example.com,56,Houston,282.79
User0450,user0450@example.com,28,Phoenix,379.94
User0451,user0451@example.com,57,Phoenix,369.78
User0452,user0452@example.com,60,Houston,23.40
User0453,user0453@example.com,73,New York,44.95
User0454,user0454@example.com,67,Phoenix,328.54
User0455,user0455@example.com,30,Phoenix,23.76
User0456,user0456@example.com,46,Chicago,474.34
User0457,user0457@example.com,58,Philadelphia,234.59
User0458,user0458@example.com,55,Los Angeles,333.37
User0459,user0459@example.com,43,Los Angeles,426.48
User0460,user0460@example.com,55,Philadelphia,453.70
User0461,user0461@example.com,18,Los Angeles,90.34
User0462,user0462@example.com,35,Phoenix,89.04
User0463,user0463@example.com,61,Los Angeles,181.81
User0464,user0464@example.com,25,Philadelphia,131.32
User0465,user0465@example.com,26,Los Angeles,219.87
User0466,user0466@example.com,27,Philadelphia,217.21
User0467,user0467@example.com,68,Philadelphia,104.83
User0468,user0468@example.com,59,Houston,369.21
User0469,user0469@example.com,27,Houston,129.99
User0470,user0470@example.com,43,New York,201.46
User0471,user0471@example.com,50,Houston,114.42
User0472,user0472@example.com,18,Philadelphia,418.22
User0473,user0473@example.com,43,Los Angeles,291.67
User0474,user0474@example.com,30,New York,208.16
User0475,user0475@example.com,47,Phoenix,45.26
User0476,user0476@example.com,43,Philadelphia,243.67
User0477,user0477@example.com,74,Philadelphia,495.47
User0478,user0478@example.com,52,Phoenix,177.72
User0479,user0479@example.com,20,New York,439.10
User0480,user0480@example.com,49,Philadelphia,448.48
User0481,user0481@example.com,26,Houston,258.38
User0482,user0482@example.com,75,Houston,146.97
User0483,user0483@example.com,51,Phoenix,431.29
User0484,user0484@example.com,68,Los Angeles,221.00
User0485,user0485@example.com,35,Phoenix,454.92
User0486,user0486@example.com,20,Phoenix,342.74
User0487,user0487@example.com,23,Chicago,30.22
User0488,user0488@example.com,23,Chicago,137.20
User0489,user0489@example.com,42,Los Angeles,477.85
User0490,user0490@example.com,56,New York,142.63
User0491,user0491@example.com,44,Los Angeles,432.57
User0492,user0492@example.com,50,Phoenix,62.70
User0493,user0493@example.com,42,Houston,280.64
User0494,user0494@example.com,26,Los Angeles,431.81
User0495,user0495@example.com,38,New York,461.95
User0496,user0496@example.com,28,Philadelphia,423.10
User0497,user0497@example.com,18,New York,470.23
User0498,user0498@example.com,36,Philadelphia,184.29
User0499,user0499@example.com,34,Chicago,49.42
User0500,user0500@example.com,74,Phoenix,468.30
User0501,user0501@example.com,24,New York,279.33
User0502,user0502@example.com,75,Phoenix,21.92
User0503,user0503@example.com,46,Los Angeles,198.54
User0504,user0504@example.com,49,Chicago,249.70
User0505,user0505@example.com,44,Chicago,411.33
User0506,user0506@example.com,72,Chicago,350.66
User0507,user0507@example.com,55,Philadelphia,97.39
User0508,user0508@example.com,33,Philadelphia,210.09
User0509,user0509@example.com,69,Los Angeles,366.67
User0510,user0510@example.com,26,Houston,342.99
User0511,user0511@example.com,43,Phoenix,291.80
User0512,user0512@example.com,74,Phoenix,407.36
User0513,user0513@example.com,75,Phoenix,100.90
User0514,user0514@example.com,39,Chicago,435.06
User0515,user0515@example.com,39,Phoenix,104.60
User0516,user0516@example.com,54,Phoenix,42.58
User0517,user0517@example.com,73,Chicago,229.65
User0518,user0518@example.com,18,Phoenix,336.91
User0519,user0519@example.com,72,Houston,423.67
User0520,user0520@example.com,35,New York,237.27
User0521,user0521@example.com,29,Los Angeles,492.53
User0522,user0522@example.com,59,Chicago,86.14
User0523,user0523@example.com,48,New York,224.30
User0524,user0524@example.com,51,Houston,191.55
User0525,user0525@example.com,71,Los Angeles,37.24
User0526,user0526@example.com,47,Houston,30.42
User0527,user0527@example.com,35,New York,99.54
User0528,user0528@example.com,65,Chicago,185.81
User0529,user0529@example.com,60,Philadelphia,334.83
User0530,user0530@example.com,58,Philadelphia,398.46
User0531,user0531@example.com,22,Chicago,410.78
User0532,user0532@example.com,38,New York,398.07
User0533,user0533@example.com,20,Houston,66.49
User0534,user0534@example.com,45,Philadelphia,432.11
User0535,user0535@example.com,52,Los Angeles,126.94
User0536,user0536@example.com,74,Los Angeles,421.29
User0537,user0537@example.com,45,Los Angeles,279.18
User0538,user0538@example.com,23,Phoenix,83.44
User0539,user0539@example.com,35,Los Angeles,293.16
User0540,user0540@example.com,31,New York,88.83
User0541,user0541@example.com,31,Phoenix,267.17
User0542,user0542@example.com,61,Phoenix,47.09
User0543,user0543@example.com,39,Philadelphia,205.13
User0544,user0544@example.com,55,Philadelphia,13.40
User0545,user0545@example.com,48,Chicago,94.36
User0546,user0546@example.com,26,Philadelphia,446.50
User0547,user0547@example.com,55,Phoenix,163.99
User0548,user0548@example.com,18,Chicago,182.88
User0549,user0549@example.com,42,Philadelphia,274.76
User0550,user0550@example.com,53,New York,202.92
User0551,user0551@example.com,38,Houston,156.68
User0552,user0552@example.com,47,Houston,408.94
User0553,user0553@example.com,29,Chicago,297.33
User0554,user0554@example.com,31,Houston,145.94
User0555,user0555@example.com,33,Phoenix,45.16
User0556,user0556@example.com,75,Phoenix,65.78
User0557,user0557@example.com,52,Houston,302.38
User0558,user0558@example.com,18,New York,215.58
User0559,user0559@example.com,38,Phoenix,474.68
User0560,user0560@example.com,53,Houston,437.14
User0561,user0561@example.com,66,Chicago,110.06
User0562,user0562@example.com,71,Philadelphia,281.46
User0563,user0563@example.com,52,Philadelphia,53.25
User0564,user0564@example.com,64,Philadelphia,446.43
User0565,user0565@example.com,21,Phoenix,41.12
User0566,user0566@example.com,43,Los Angeles,261.50
User0567,user0567@example.com,57,Phoenix,333.05
User0568,user0568@example.com,63,Houston,285.65
User0569,user0569@example.com,49,Chicago,109.26
User0570,user0570@example.com,73,Phoenix,367.63
User0571,user0571@example.com,59,New York,88.47
User0572,user0572@example.com,24,New York,29.57
User0573,user0573@example.com,59,Philadelphia,147.59
User0574,user0574@example.com,31,Los Angeles,443.18
User0575,user0575@example.com,73,Phoenix,331.17
User0576,user0576@example.com,65,Houston,164.81
User0577,user0577@example.com,19,Chicago,42.40
User0578,user0578@example.com,50,Phoenix,375.67
User0579,user0579@example.com,21,Los Angeles,199.17
User0580,user0580@example.com,73,Houston,281.70
User0581,user0581@example.com,57,Phoenix,180.07
User0582,user0582@example.com,44,Philadelphia,350.25
User0583,user0583@example.com,25,Chicago,208.04
User0584,user0584@example.com,35,New York,73.22
User0585,user0585@example.com,70,Los Angeles,173.00
User0586,user0586@example.com,30,Los Angeles,55.87
User0587,user0587@example.com,37,Chicago,333.75
User0588,user0588@example.com,72,New York,265.35
User0589,user0589@example.com,24,Philadelphia,217.76
User0590,user0590@example.com,26,New York,221.36
User0591,user0591@example.com,67,Philadelphia,471.57
User0592,user0592@example.com,24,Houston,230.43
User0593,user0593@example.com,18,Phoenix,438.32
User0594,user0594@example.com,64,Phoenix,388.86
User0595,user0595@example.com,67,Houston,374.23
User0596,user0596@example.com,64,New York,454.32
User0597,user0597@example.com,20,Los Angeles,440.81
User0598,user0598@example.com,74,New York,24.64
User0599,user0599@example.com,53,Houston,219.51
User0600,user0600@example.com,45,Philadelphia,144.74
User0601,user0601@example.com,34,Philadelphia,324.81
User0602,user0602@example.com,68,New York,321.59
User0603,user0603@example.com,18,Los Angeles,201.50
User0604,user0604@example.com,29,Phoenix,356.70
User0605,user0605@example.com,45,Houston,51.22
User0606,user0606@example.com,72,Los Angeles,289.29
User0607,user0607@example.com,20,New York,266.32
User0608,user0608@example.com,44,New York,395.28
User0609,user0609@example.com,74,Los Angeles,279.86
User0610,user0610@example.com,68,Phoenix,158.23
User0611,user0611@example.com,37,New York,15.30
User0612,user0612@example.com,70,Philadelphia,196.17
User0613,user0613@example.com,35,Philadelphia,467.49
User0614,user0614@example.com,69,Chicago,324.36
User0615,user0615@example.com,50,Houston,303.50
User0616,user0616@example.com,58,Chicago,171.52
User0617,user0617@example.com,51,New York,471.76
User0618,user0618@example.com,64,Philadelphia,79.26
User0619,user0619@example.com,64,Chicago,278.14
User0620,user0620@example.com,36,Chicago,421.37
User0621,user0621@example.com,47,Phoenix,202.57
User0622,user0622@example.com,69,Houston,68.89
User0623,user0623@example.com,39,New York,258.89
User0624,user0624@example.com,43,Houston,375.27
User0625,user0625@example.com,64,Philadelphia,448.14
User0626,user0626@example.com,56,New York,475.26
User0627,user0627@example.com,66,New York,333.85
User0628,user0628@example.com,19,Chicago,42.52
User0629,user0629@example.com,64,Phoenix,59.17
User0630,user0630@example.com,74,Phoenix,60.78
User0631,user0631@example.com,44,Chicago,321.57
User0632,user0632@example.com,19,New York,233.13
User0633,user0633@example.com,42,Houston,152.13
User0634,user0634@example.com,34,Los Angeles,191.76
User0635,user0635@example.com,46,Philadelphia,407.84
User0636,user0636@example.com,70,Houston,284.75
User0637,user0637@example.com,49,Phoenix,89.90
User0638,user0638@example.com,42,Houston,65.39
User0639,user0639@example.com,71,Chicago,193.42
User0640,user0640@example.com,33,Phoenix,287.84
User0641,user0641@example.com,71,Los Angeles,94.82
User0642,user0642@example.com,21,Philadelphia,202.46
User0643,user0643@example.com,56,Chicago,346.68
User0644,user0644@example.com,51,Phoenix,498.84
User0645,user0645@example.com,67,Chicago,14.07
User0646,user0646@example.com,71,Chicago,263.58
User0647,user0647@example.com,38,New York,167.66
User0648,user0648@example.com,43,Los Angeles,274.36
User0649,user0649@example.com,70,Philadelphia,12.01
User0650,user0650@example.com,33,Los Angeles,456.09
User0651,user0651@example.com,33,Houston,486.29
User0652,user0652@example.com,60,Los Angeles,378.40
User0653,user0653@example.com,41,New York,155.42
User0654,user0654@example.com,45,Los Angeles,286.44
User0655,user0655@example.com,26,Los Angeles,352.00
User0656,user0656@example.com,21,Los Angeles,19.43
User0657,user0657@example.com,56,Philadelphia,251.65
User0658,user0658@example.com,42,Chicago,272.02
User0659,user0659@example.com,32,Phoenix,55.11
User0660,user0660@example.com,21,Los Angeles,89.67
User0661,user0661@example.com,43,Phoenix,42.24
User0662,user0662@example.com,27,New York,238.66
User0663,user0663@example.com,40,Chicago,224.48
User0664,user0664@example.com,75,Phoenix,100.55
User0665,user0665@example.com,62,Chicago,120.38
User0666,user0666@example.com,26,Los Angeles,93.09
User0667,user0667@example.com,59,Philadelphia,417.68
User0668,user0668@example.com,56,New York,19.70
User0669,user0669@example.com,18,Chicago,40.60
User0670,user0670@example.com,72,Philadelphia,424.20
User0671,user0671@example.com,37,Houston,58.23
User0672,user0672@example.com,38,Houston,346.03
User0673,user0673@example.com,64,Los Angeles,204.87
User0674,user0674@example.com,31,Los Angeles,402.52
User0675,user0675@example.com,66,Houston,52.89
User0676,user0676@example.com,72,Houston,238.34
User0677,user0677@example.com,25,Los Angeles,334.93
User0678,user0678@example.com,67,Los Angeles,70.08
User0679,user0679@example.com,74,New York,313.26
User0680,user0680@example.com,50,Houston,335.22
User0681,user0681@example.com,50,New York,342.33
User0682,user0682@example.com,51,New York,371.16
User0683,user0683@example.com,72,Los Angeles,311.08
User0684,user0684@example.com,58,Philadelphia,422.09
User0685,user0685@example.com,50,Houston,211.46
User0686,user0686@example.com,71,Phoenix,354.31
User0687,user0687@example.com,51,Los Angeles,44.43
User0688,user0688@example.com,18,Los Angeles,196.69
User0689,user0689@example.com,47,Phoenix,197.86
User0690,user0690@example.com,24,Phoenix,225.67
User0691,user0691@example.com,29,Los Angeles,229.81
User0692,user0692@example.com,28,Phoenix,159.23
User0693,user0693@example.com,44,Phoenix,58.83
User0694,user0694@example.com,52,Houston,302.90
User0695,user0695@example.com,37,Phoenix,125.68
User0696,user0696@example.com,68,Los Angeles,266.62
User0697,user0697@example.com,24,Houston,232.76
User0698,user0698@example.com,54,Houston,199.55
User0699,user0699@example.com,26,Los Angeles,134.05
User0700,user0700@example.com,31,New York,66.05
User0701,user0701@example.com,66,Philadelphia,98.33
User0702,user0702@example.com,62,Houston,450.81
User0703,user0703@example.com,20,Phoenix,108.89
User0704,user0704@example.com,38,Los Angeles,28.62
User0705,user0705@example.com,65,Chicago,146.11
User0706,user0706@example.com,22,Phoenix,335.17
User0707,user0707@example.com,45,Los Angeles,23.36
User0708,user0708@example.com,65,New York,289.57
User0709,user0709@example.com,30,Phoenix,20.49
User0710,user0710@example.com,40,Philadelphia,462.25
User0711,user0711@example.com,33,Phoenix,184.91
User0712,user0712@example.com,30,Chicago,50.93
User0713,user0713@example.com,35,Phoenix,76.69
User0714,user0714@example.com,51,New York,395.16
User0715,user0715@example.com,43,Chicago,43.10
User0716,user0716@example.com,20,Los Angeles,487.58
User0717,user0717@example.com,40,Philadelphia,303.57
User0718,user0718@example.com,38,Los Angeles,154.24
User0719,user0719@example.com,42,Los Angeles,460.86
User0720,user0720@example.com,68,Houston,481.34
User0721,user0721@example.com,58,Houston,23.20
User0722,user0722@example.com,28,Los Angeles,273.60
User0723,user0723@example.com,59,Los Angeles,296.44
User0724,user0724@example.com,69,Philadelphia,250.35
User0725,user0725@example.com,41,Houston,384.40
User0726,user0726@example.com,47,New York,290.22
User0727,user0727@example.com,68,Phoenix,99.14
User0728,user0728@example.com,28,Houston,331.37
User0729,user0729@example.com,38,Los Angeles,11.67
User0730,user0730@example.com,75,Los Angeles,126.99
User0731,user0731@example.com,31,Philadelphia,148.78
User0732,user0732@example.com,73,New York,65.82
User0733,user0733@example.com,55,Phoenix,141.06
User0734,user0734@example.com,33,Los Angeles,326.51
User0735,user0735@example.com,74,Philadelphia,499.74
User0736,user0736@example.com,65,New York,83.74
User0737,user0737@example.com,56,Chicago,82.28
User0738,user0738@example.com,35,Philadelphia,147.86
User0739,user0739@example.com,25,Chicago,459.38
User0740,user0740@example.com,43,New York,255.82
User0741,user0741@example.com,47,Houston,227.70
User0742,user0742@example.com,61,Phoenix,430.75
User0743,user0743@example.com,33,Chicago,84.48
User0744,user0744@example.com,67,New York,430.65
User0745,user0745@example.com,45,Los Angeles,464.06
User0746,user0746@example.com,42,Phoenix,384.02
User0747,user0747@example.com,57,New York,30.85
User0748,user0748@example.com,59,Chicago,151.84
User0749,user0749@example.com,34,New York,413.41
User0750,user0750@example.com,30,Phoenix,373.00
User0751,user0751@example.com,42,Philadelphia,355.03
User0752,user0752@example.com,45,Chicago,265.05
User0753,user0753@example.com,31,Los Angeles,425.77
User0754,user0754@example.com,34,Houston,26.63
User0755,user0755@example.com,50,Phoenix,211.76
User0756,user0756@example.com,30,New York,194.33
User0757,user0757@example.com,70,Philadelphia,73.09
User0758,user0758@example.com,46,New York,190.93
User0759,user0759@example.com,43,Phoenix,141.45
User0760,user0760@example.com,62,New York,137.06
User0761,user0761@example.com,45,Los Angeles,275.85
User0762,user0762@example.com,28,New York,105.02
User0763,user0763@example.com,40,Houston,496.05
User0764,user0764@example.com,20,Phoenix,112.85
User0765,user0765@example.com,29,Philadelphia,170.30
User0766,user0766@example.com,55,New York,18.72
User0767,user0767@example.com,75,Phoenix,263.84
User0768,user0768@example.com,29,Los Angeles,244.42
User0769,user0769@example.com,21,Philadelphia,123.05
User0770,user0770@example.com,53,Chicago,182.80
User0771,user0771@example.com,32,New York,161.56
User0772,user0772@example.com,52,Chicago,66.94
User0773,user0773@example.com,29,New York,189.85
User0774,user0774@example.com,25,Los Angeles,124.84
User0775,user0775@example.com,57,Philadelphia,257.10
User0776,user0776@example.com,30,Houston,40.36
User0777,user0777@example.com,43,Houston,136.99
User0778,user0778@example.com,65,Houston,212.72
User0779,user0779@example.com,52,Phoenix,452.37
User0780,user0780@example.com,46,Los Angeles,317.09
User0781,user0781@example.com,21,Chicago,48.72
User0782,user0782@example.com,33,Los Angeles,301.50
User0783,user0783@example.com,24,Chicago,139.61
User0784,user0784@example.com,66,Houston,76.33
User0785,user0785@example.com,32,Los Angeles,269.26
User0786,user0786@example.com,22,Philadelphia,93.43
User0787,user0787@example.com,64,Phoenix,438.09
User0788,user0788@example.com,59,Houston,325.31
User0789,user0789@example.com,53,Philadelphia,98.07
User0790,user0790@example.com,44,New York,175.41
User0791,user0791@example.com,44,Philadelphia,112.13
User0792,user0792@example.com,22,Phoenix,407.05
User0793,user0793@example.com,52,Los Angeles,437.85
User0794,user0794@example.com,51,Phoenix,116.11
User0795,user0795@example.com,51,Los Angeles,408.35
User0796,user0796@example.com,51,New York,26.45
User0797,user0797@example.com,65,Los Angeles,135.34
User0798,user0798@example.com,69,Chicago,471.96
User0799,user0799@example.com,21,Philadelphia,62.83
User0800,user0800@example.com,24,New York,159.08
User0801,user0801@example.com,58,Chicago,221.03
User0802,user0802@example.com,46,Phoenix,100.51
User0803,user0803@example.com,66,Phoenix,351.51
User0804,user0804@example.com,53,Los Angeles,426.82
User0805,user0805@example.com,41,Philadelphia,448.02
User0806,user0806@example.com,22,Philadelphia,357.06
User0807,user0807@example.com,33,Houston,410.99
User0808,user0808@example.com,42,Phoenix,180.03
User0809,user0809@example.com,18,New York,484.26
User0810,user0810@example.com,52,Philadelphia,252.68
User0811,user0811@example.com,60,Los Angeles,212.90
User0812,user0812@example.com,20,Chicago,106.57
User0813,user0813@example.com,73,Phoenix,474.90
User0814,user0814@example.com,61,Philadelphia,346.39
User0815,user0815@example.com,28,New York,164.80
User0816,user0816@example.com,66,Los Angeles,69.73
User0817,user0817@example.com,37,Houston,386.89
User0818,user0818@example.com,66,Chicago,180.95
User0819,user0819@example.com,30,Houston,392.75
User0820,user0820@example.com,59,Phoenix,136.63
User0821,user0821@example.com,63,Los Angeles,428.26
User0822,user0822@example.com,26,Phoenix,145.68
User0823,user0823@example.com,66,Houston,159.25
User0824,user0824@example.com,27,Houston,390.93
User0825,user0825@example.com,22,Phoenix,156.05
User0826,user0826@example.com,66,Phoenix,415.80
User0827,user0827@example.com,44,Houston,483.29
User0828,user0828@example.com,63,Chicago,422.70
User0829,user0829@example.com,65,Philadelphia,395.76
User0830,user0830@example.com,41,New York,149.07
User0831,user0831@example.com,51,Phoenix,368.80
User0832,user0832@example.com,52,Phoenix,354.18
User0833,user0833@example.com,38,Chicago,209.50
User0834,user0834@example.com,60,Chicago,402.85
User0835,user0835@example.com,49,Los Angeles,178.96
User0836,user0836@example.com,50,Houston,464.59
User0837,user0837@example.com,31,Houston,335.99
User0838,user0838@example.com,40,Chicago,256.06
User0839,user0839@example.com,71,Chicago,402.09
User0840,user0840@example.com,24,Chicago,129.10
User0841,user0841@example.com,41,Philadelphia,320.28
User0842,user0842@example.com,51,Phoenix,478.91
User0843,user0843@example.com,63,Philadelphia,297.43
User0844,user0844@example.com,59,Phoenix,109.99
User0845,user0845@example.com,54,Chicago,371.68
User0846,user0846@example.com,55,Los Angeles,183.56
User0847,user0847@example.com,29,Chicago,339.97
User0848,user0848@example.com,27,Philadelphia,78.82
User0849,user0849@example.com,33,Phoenix,178.03
User0850,user0850@example.com,48,Phoenix,159.51
User0851,user0851@example.com,31,New York,326.84
User0852,user0852@example.com,39,Chicago,483.77
User0853,user0853@example.com,32,Phoenix,494.54
User0854,user0854@example.com,25,Philadelphia,333.69
User0855,user0855@example.com,63,Houston,112.92
User0856,user0856@example.com,74,Los Angeles,465.37
User0857,user0857@example.com,38,Phoenix,158.95
User0858,user0858@example.com,65,Chicago,81.09
User0859,user0859@example.com,65,Phoenix,111.66
User0860,user0860@example.com,32,Los Angeles,472.64
User0861,user0861@example.com,28,New York,323.62
User0862,user0862@example.com,27,Los Angeles,382.24
User0863,user0863@example.com,51,Philadelphia,151.26
User0864,user0864@example.com,68,New York,50.53
User0865,user0865@example.com,47,Houston,364.35
User0866,user0866@example.com,65,New York,405.58
User0867,user0867@example.com,29,Philadelphia,206.72
User0868,user0868@example.com,24,New York,466.93
User0869,user0869@example.com,31,New York,39.42
User0870,user0870@example.com,47,Chicago,52.88
User0871,user0871@example.com,71,Houston,16.62
User0872,user0872@example.com,39,Phoenix,230.33
User0873,user0873@example.com,50,Chicago,254.96
User0874,user0874@example.com,53,Houston,343.17
User0875,user0875@example.com,59,Houston,162.35
User0876,user0876@example.com,69,Phoenix,93.31
User0877,user0877@example.com,33,New York,217.86
User0878,user0878@example.com,27,New York,375.13
User0879,user0879@example.com,67,New York,49.75
User0880,user0880@example.com,20,Los Angeles,70.89
User0881,user0881@example.com,71,Phoenix,308.08
User0882,user0882@example.com,61,Los Angeles,283.49
User0883,user0883@example.com,53,Philadelphia,184.26
User0884,user0884@example.com,40,New York,23.93
User0885,user0885@example.com,64,Los Angeles,210.24
User0886,user0886@example.com,51,New York,154.45
User0887,user0887@example.com,32,Chicago,98.91
User0888,user0888@example.com,68,Phoenix,57.78
User0889,user0889@example.com,57,Houston,421.80
User0890,user0890@example.com,62,Phoenix,41.48
User0891,user0891@example.com,40,Philadelphia,194.26
User0892,user0892@example.com,30,Los Angeles,433.59
User0893,user0893@example.com,51,Chicago,78.66
User0894,user0894@example.com,64,Los Angeles,163.81
User0895,user0895@example.com,44,Phoenix,469.83
User0896,user0896@example.com,25,New York,348.49
User0897,user0897@example.com,53,Phoenix,144.28
User0898,user0898@example.com,72,Phoenix,216.03
User0899,user0899@example.com,51,New York,346.87
User0900,user0900@example.com,22,Los Angeles,176.18
User0901,user0901@example.com,68,Chicago,463.11
User0902,user0902@example.com,68,Los Angeles,484.06
User0903,user0903@example.com,35,New York,296.39
User0904,user0904@example.com,58,New York,87.40
User0905,user0905@example.com,59,Houston,137.90
User0906,user0906@example.com,55,Phoenix,410.50
User0907,user0907@example.com,35,Los Angeles,309.46
User0908,user0908@example.com,40,New York,22.43
User0909,user0909@example.com,24,Philadelphia,366.29
User0910,user0910@example.com,60,Houston,334.50
User0911,user0911@example.com,65,Phoenix,281.18
User0912,user0912@example.com,69,Los Angeles,232.34
User0913,user0913@example.com,21,Philadelphia,191.45
User0914,user0914@example.com,68,Houston,205.98
User0915,user0915@example.com,42,Los Angeles,434.67
User0916,user0916@example.com,18,Phoenix,299.38
User0917,user0917@example.com,74,New York,232.60
User0918,user0918@example.com,67,New York,469.36
User0919,user0919@example.com,74,New York,197.52
User0920,user0920@example.com,58,Chicago,195.68
User0921,user0921@example.com,33,Los Angeles,100.61
User0922,user0922@example.com,40,Phoenix,195.70
User0923,user0923@example.com,38,Chicago,28.36
User0924,user0924@example.com,63,Los Angeles,464.94
User0925,user0925@example.com,64,Houston,56.01
User0926,user0926@example.com,27,Chicago,468.26
User0927,user0927@example.com,74,New York,285.51
User0928,user0928@example.com,38,Los Angeles,202.63
User0929,user0929@example.com,71,Chicago,61.99
User0930,user0930@example.com,42,Houston,381.89
User0931,user0931@example.com,21,Phoenix,159.93
User0932,user0932@example.com,47,Phoenix,34.93
User0933,user0933@example.com,37,New York,79.41
User0934,user0934@example.com,37,Chicago,192.62
User0935,user0935@example.com,73,Houston,33.42
User0936,user0936@example.com,37,New York,139.06
User0937,user0937@example.com,52,New York,24.37
User0938,user0938@example.com,18,Los Angeles,235.78
User0939,user0939@example.com,49,Philadelphia,293.73
User0940,user0940@example.com,49,Chicago,248.37
User0941,user0941@example.com,42,Philadelphia,374.27
User0942,user0942@example.com,37,Houston,19.82
User0943,user0943@example.com,38,Chicago,381.98
User0944,user0944@example.com,71,Philadelphia,261.83
User0945,user0945@example.com,67,Philadelphia,299.20
User0946,user0946@example.com,33,Philadelphia,187.88
User0947,user0947@example.com,58,Phoenix,455.63
User0948,user0948@example.com,34,Philadelphia,251.14
User0949,user0949@example.com,59,Chicago,238.69
User0950,user0950@example.com,59,Philadelphia,307.10
User0951,user0951@example.com,66,Phoenix,138.53
User0952,user0952@example.com,49,Houston,349.40
User0953,user0953@example.com,25,Houston,396.20
User0954,user0954@example.com,55,Los Angeles,395.23
User0955,user0955@example.com,34,Los Angeles,128.66
User0956,user0956@example.com,57,Chicago,54.60
User0957,user0957@example.com,61,New York,338.78
User0958,user0958@example.com,23,Houston,226.40
User0959,user0959@example.com,50,Chicago,35.53
User0960,user0960@example.com,36,Philadelphia,475.98
User0961,user0961@example.com,73,Los Angeles,364.47
User0962,user0962@example.com,45,New York,371.06
User0963,user0963@example.com,44,Los Angeles,27.74
User0964,user0964@example.com,35,Houston,392.27
User0965,user0965@example.com,29,Houston,251.99
User0966,user0966@example.com,39,Los Angeles,183.36
User0967,user0967@example.com,61,Los Angeles,179.47
User0968,user0968@example.com,69,New York,389.76
User0969,user0969@example.com,61,New York,94.96
User0970,user0970@example.com,27,Houston,209.25
User0971,user0971@example.com,54,Chicago,272.27
User0972,user0972@example.com,37,Chicago,75.68
User0973,user0973@example.com,19,Houston,338.99
User0974,user0974@example.com,66,Houston,215.82
User0975,user0975@example.com,52,Chicago,174.14
User0976,user0976@example.com,40,Phoenix,299.35
User0977,user0977@example.com,53,Chicago,184.19
User0978,user0978@example.com,43,Chicago,396.79
User0979,user0979@example.com,63,Phoenix,190.40
User0980,user0980@example.com,26,Houston,237.37
User0981,user0981@example.com,64,New York,391.12
User0982,user0982@example.com,40,Chicago,247.38
User0983,user0983@example.com,67,Los Angeles,358.55
User0984,user0984@example.com,56,Houston,134.40
User0985,user0985@example.com,23,Los Angeles,371.62
User0986,user0986@example.com,66,Los Angeles,443.65
User0987,user0987@example.com,18,Houston,223.67
User0988,user0988@example.com,49,Los Angeles,324.70
User0989,user0989@example.com,48,Philadelphia,149.60
User0990,user0990@example.com,60,Houston,422.94
User0991,user0991@example.com,38,Phoenix,11.96
User0992,user0992@example.com,67,Los Angeles,495.16
User0993,user0993@example.com,36,New York,244.18
User0994,user0994@example.com,51,Los Angeles,377.50
User0995,user0995@example.com,34,Los Angeles,21.76
User0996,user0996@example.com,62,Los Angeles,177.79
User0997,user0997@example.com,33,New York,303.71
User0998,user0998@example.com,68,Philadelphia,419.00
User0999,user0999@example.com,40,New York,53.03
